{"det": [0.8249247074127197, 0.8347148150205612, 0.7961101233959198, 0.8062705397605896, 0.8484437167644501, 0.6507212445139885, 0.7943333238363266, 0.775158479809761, 0.7090657502412796, 0.8052596896886826, 0.6525327935814857, 0.7134326919913292, 0.673702284693718, 0.737407274544239, 0.7174303531646729, 0.7524585872888565, 0.7062065601348877, 0.7867687791585922, 0.7880364209413528, 0.7030186802148819, 0.7634250819683075, 0.6918553337454796, 0.7791114002466202, 0.7757273614406586, 0.7417595535516739, 0.7503819614648819, 0.8587625026702881, 0.6731008589267731, 0.7569558173418045, 0.6918773055076599, 0.8600014597177505, 0.748261570930481, 0.7525038421154022, 0.725634977221489, 0.5626322329044342, 0.8156889975070953, 0.7429385781288147, 0.7929842919111252, 0.8698987662792206, 0.7177774161100388, 0.6770186722278595, 0.8577976077795029, 0.7324146330356598, 0.64576755464077, 0.7280840277671814, 0.790889099240303, 0.7123507261276245, 0.6083932816982269, 0.8195075243711472, 0.6877941563725471], "tv": [0.6585595309734344, 0.658245861530304, 0.6578327268362045, 0.6573137640953064, 0.6566710919141769, 0.6561752408742905, 0.6556394249200821, 0.6550872027873993, 0.654631108045578, 0.6542945802211761, 0.6539547592401505, 0.6535662114620209, 0.6530693173408508, 0.653301328420639, 0.654050812125206, 0.6548046767711639, 0.6553867310285568, 0.6557801961898804, 0.6559985727071762, 0.6560820490121841, 0.6560849994421005, 0.6560415923595428, 0.6565538048744202, 0.657326951622963, 0.6580120325088501, 0.658517986536026, 0.6588531136512756, 0.6590578258037567, 0.6591589897871017, 0.6592179089784622, 0.6594291031360626, 0.6596461981534958, 0.6597758680582047, 0.6598382741212845, 0.6598677933216095, 0.6598615944385529, 0.6598202288150787, 0.6597733199596405, 0.6597184836864471, 0.6598373353481293, 0.6607604175806046, 0.6618561297655106, 0.6627217233181, 0.6633400171995163, 0.6637805700302124, 0.6640818417072296, 0.6642718017101288, 0.6644209623336792, 0.6646242439746857, 0.6648104935884476], "nps": [0.0, 0.0, 0.0, 0.0, 0.0, 0.0, 0.0, 0.0, 0.0, 0.0, 0.0, 0.0, 0.0, 0.0, 0.0, 0.0, 0.0, 0.0, 0.0, 0.0, 0.0, 0.0, 0.0, 0.0, 0.0, 0.0, 0.0, 0.0, 0.0, 0.0, 0.0, 0.0, 0.0, 0.0, 0.0, 0.0, 0.0, 0.0, 0.0, 0.0, 0.0, 0.0, 0.0, 0.0, 0.0, 0.0, 0.0, 0.0, 0.0, 0.0]}